<?xml version="1.0" encoding="UTF-8" standalone="yes"?>
<addon id="plugin.audio.kpodcast" name="K Podcast" version="0.2.0" provider-name="soju6jan">
	<requires>
		<import addon="xbmc.python" version="2.1.0"/>
	</requires>
	<extension point="xbmc.python.pluginsource" library="kodi.py">
    	<provides>audio</provides>
	</extension>
	<extension point="xbmc.addon.metadata">
		<summary lang="en">K Podcaast</summary>
		<summary lang="kr">K Podcaast</summary>
		<description lang="en">K Podcaast</description>
		<description lang="kr">K Podcaast</description>
		<language></language>
		<platform>all</platform>
	</extension>
</addon>
