<?xml version="1.0" encoding="UTF-8" standalone="yes"?>
<addon id="plugin.audio.kr2kodi" name="KR2kodi" version="0.9.4" provider-name="parkmino">
  <requires>
    <import addon="xbmc.python" version="3.0.0"/>
  </requires>
  <extension point="xbmc.python.pluginsource" library="addon.py">
    <provides>audio</provides>
  </extension>
  <extension point="xbmc.addon.metadata">
    <summary lang="en_GB">Korean Radios to Kodi</summary>
    <description lang="en_GB">Play Korean Radios to Kodi</description>
    <disclaimer lang="en_GB"></disclaimer>
    <language></language> <!-- the language of the videos the plugin provides, may be left blank -->
    <platform>all</platform>
    <license>GPL-2.0</license>
    <forum></forum> <!-- may be left blank  -->
    <website>http://parkmino.github.io</website> <!-- the url of the website that contains the videos (or the official website of your plugin).  -->
    <email>parkmino@parkmino</email> <!-- may be left blank  -->
    <source>https://github.com/parkmino/audiophile/tree/master/kodi/plugin.audio.kr2kodi</source>
    <news>v0.9.4 (2023-10-14)
    - Fix KBS radios</news>
    <assets>
        <icon>resources/icon.png</icon>
        <fanart></fanart>
        <banner></banner>
        <clearlogo></clearlogo>
        <screenshot></screenshot>
    </assets>
  </extension>
</addon>
